data,gasolina_usd_gal,diesel_usd_gal,eletricidade_usd_kwh
1978-11-01,,,0.046
1978-12-01,,,0.046
1979-01-01,,,0.046
1979-02-01,,,0.047
1979-03-01,,,0.047
1979-04-01,,,0.048
1979-05-01,,,0.049
1979-06-01,,,0.052
1979-07-01,,,0.053
1979-08-01,,,0.053
1979-09-01,,,0.053
1979-10-01,,,0.053
1979-11-01,,,0.051
1979-12-01,,,0.052
1980-01-01,,,0.053
1980-02-01,,,0.055
1980-03-01,,,0.056
1980-04-01,,,0.056
1980-05-01,,,0.058
1980-06-01,,,0.063
1980-07-01,,,0.064
1980-08-01,,,0.064
1980-09-01,,,0.065
1980-10-01,,,0.063
1980-11-01,,,0.061
1980-12-01,,,0.062
1981-01-01,,,0.063
1981-02-01,,,0.064
1981-03-01,,,0.065
1981-04-01,,,0.066
1981-05-01,,,0.067
1981-06-01,,,0.071
1981-07-01,,,0.073
1981-08-01,,,0.075
1981-09-01,,,0.074
1981-10-01,,,0.072
1981-11-01,,,0.071
1981-12-01,,,0.071
1982-01-01,,,0.073
1982-02-01,,,0.073
1982-03-01,,,0.075
1982-04-01,,,0.075
1982-05-01,,,0.075
1982-06-01,,,0.079
1982-07-01,,,0.079
1982-08-01,,,0.079
1982-09-01,,,0.079
1982-10-01,,,0.077
1982-11-01,,,0.074
1982-12-01,,,0.075
1983-01-01,,,0.075
1983-02-01,,,0.075
1983-03-01,,,0.076
1983-04-01,,,0.075
1983-05-01,,,0.077
1983-06-01,,,0.081
1983-07-01,,,0.082
1983-08-01,,,0.082
1983-09-01,,,0.082
1983-10-01,,,0.08
1983-11-01,,,0.077
1983-12-01,,,0.077
1984-01-01,,,0.078
1984-02-01,,,0.079
1984-03-01,,,0.079
1984-04-01,,,0.08
1984-05-01,,,0.081
1984-06-01,,,0.086
1984-07-01,,,0.087
1984-08-01,,,0.089
1984-09-01,,,0.084
1984-10-01,,,0.081
1984-11-01,,,0.079
1984-12-01,,,0.078
1985-01-01,,,0.079
1985-02-01,,,0.079
1985-03-01,,,0.079
1985-04-01,,,0.08
1985-05-01,,,0.08
1985-06-01,,,0.085
1985-07-01,,,0.085
1985-08-01,,,0.085
1985-09-01,,,
1985-10-01,,,0.082
1985-11-01,,,0.08
1985-12-01,,,0.08
1986-01-01,,,0.081
1986-02-01,,,0.075
1986-03-01,,,0.075
1986-04-01,,,0.074
1986-05-01,,,0.074
1986-06-01,,,0.08
1986-07-01,,,0.08
1986-08-01,,,0.08
1986-09-01,,,0.08
1986-10-01,,,0.074
1986-11-01,,,0.073
1986-12-01,,,0.073
1987-01-01,,,0.075
1987-02-01,,,0.076
1987-03-01,,,0.076
1987-04-01,,,0.076
1987-05-01,,,0.076
1987-06-01,,,0.084
1987-07-01,,,0.084
1987-08-01,,,0.085
1987-09-01,,,0.084
1987-10-01,,,0.078
1987-11-01,,,0.077
1987-12-01,,,0.077
1988-01-01,,,0.078
1988-02-01,,,0.078
1988-03-01,,,0.078
1988-04-01,,,0.077
1988-05-01,,,0.077
1988-06-01,,,0.084
1988-07-01,,,0.084
1988-08-01,,,0.084
1988-09-01,,,0.084
1988-10-01,,,0.08
1988-11-01,,,0.078
1988-12-01,,,0.078
1989-01-01,,,0.079
1989-02-01,,,0.079
1989-03-01,,,0.079
1989-04-01,,,0.079
1989-05-01,,,0.08
1989-06-01,,,0.086
1989-07-01,,,0.086
1989-08-01,,,0.086
1989-09-01,,,0.086
1989-10-01,,,0.081
1989-11-01,,,0.08
1989-12-01,,,0.081
1990-01-01,,,0.081
1990-02-01,,,0.081
1990-03-01,,,0.081
1990-04-01,,,0.082
1990-05-01,,,0.082
1990-06-01,,,0.088
1990-07-01,,,0.087
1990-08-01,1.218,,0.087
1990-09-01,1.258,,0.088
1990-10-01,1.3354,,0.083
1990-11-01,1.324,,0.082
1990-12-01,1.341,,0.082
1991-01-01,1.18,,0.084
1991-02-01,1.0942500000000002,,0.084
1991-03-01,1.04,,0.085
1991-04-01,1.0762,,0.084
1991-05-01,1.12575,,0.085
1991-06-01,1.12825,,0.09
1991-07-01,1.0956,,0.091
1991-08-01,1.1147500000000001,,0.09
1991-09-01,1.1092,,0.091
1991-10-01,1.088,,0.087
1991-11-01,1.099,,0.084
1991-12-01,1.0762,,0.085
1992-01-01,1.022,,0.085
1992-02-01,1.006,,0.084
1992-03-01,1.0126,,0.086
1992-04-01,1.05175,,0.086
1992-05-01,1.10725,,0.087
1992-06-01,1.1448,,0.092
1992-07-01,1.1364999999999998,,0.092
1992-08-01,1.1218,,0.091
1992-09-01,1.1215000000000002,,0.092
1992-10-01,1.1139999999999999,,0.088
1992-11-01,1.1112000000000002,,0.086
1992-12-01,1.0775000000000001,,0.088
1993-01-01,1.06175,,0.089
1993-02-01,1.05425,,0.087
1993-03-01,1.0522,,0.088
1993-04-01,1.078,,0.088
1993-05-01,1.1004,,0.09
1993-06-01,1.09725,,0.094
1993-07-01,1.07775,,0.095
1993-08-01,1.0615999999999999,,0.097
1993-09-01,1.0494999999999999,,0.097
1993-10-01,1.09175,,0.093
1993-11-01,1.0664,,0.091
1993-12-01,1.014,,0.09
1994-01-01,0.9984,,0.09
1994-02-01,1.009,,0.09
1994-03-01,1.00775,1.1065,0.089
1994-04-01,1.02725,1.107,0.088
1994-05-01,1.0474,1.1002,0.09
1994-06-01,1.0779999999999998,1.1025,0.095
1994-07-01,1.10575,1.11025,0.095
1994-08-01,1.1548,1.1232000000000002,0.096
1994-09-01,1.1437499999999998,1.125,0.096
1994-10-01,1.1136000000000001,1.1218,0.093
1994-11-01,1.11575,1.131,0.091
1994-12-01,1.0905,1.113,0.091
1995-01-01,1.0817999999999999,1.0982,0.091
1995-02-01,1.0725,1.08775,0.091
1995-03-01,1.072,1.0875,0.091
1995-04-01,1.11125,1.104,0.09
1995-05-01,1.1784000000000001,1.125,0.092
1995-06-01,1.1915,1.1187500000000001,0.098
1995-07-01,1.1538,1.0998,0.098
1995-08-01,1.12325,1.105,0.098
1995-09-01,1.11075,1.11925,0.097
1995-10-01,1.0872,1.115,0.094
1995-11-01,1.06225,1.11975,0.092
1995-12-01,1.07125,1.1295,0.091
1996-01-01,1.0904,1.1451999999999998,0.091
1996-02-01,1.08925,1.14475,0.091
1996-03-01,1.137,1.1825,0.092
1996-04-01,1.2306,1.2730000000000001,0.092
1996-05-01,1.278,1.27625,0.092
1996-06-01,1.2585,1.20675,0.096
1996-07-01,1.2276,1.177,0.099
1996-08-01,1.206,1.20075,0.099
1996-09-01,1.2024000000000001,1.2646000000000002,0.099
1996-10-01,1.204,1.323,0.095
1996-11-01,1.23225,1.3225,0.092
1996-12-01,1.2352,1.309,0.092
1997-01-01,1.23625,1.29075,0.092
1997-02-01,1.23,1.28,0.092
1997-03-01,1.205,1.2294,0.093
1997-04-01,1.199,1.21225,0.092
1997-05-01,1.20025,1.19575,0.093
1997-06-01,1.1976,1.1728,0.099
1997-07-01,1.17425,1.15075,0.099
1997-08-01,1.2235,1.16475,0.098
1997-09-01,1.2314,1.1596,0.099
1997-10-01,1.19675,1.1825,0.093
1997-11-01,1.17075,1.1915,0.092
1997-12-01,1.1314,1.166,0.09
1998-01-01,1.0862500000000002,1.1195,0.086
1998-02-01,1.049,1.08425,0.085
1998-03-01,1.0168,1.0628,0.085
1998-04-01,1.03025,1.0667499999999999,0.085
1998-05-01,1.0635,1.069,0.086
1998-06-01,1.0644,1.041,0.091
1998-07-01,1.05525,1.0285,0.091
1998-08-01,1.026,1.0074,0.09
1998-09-01,1.00925,1.0242499999999999,0.089
1998-10-01,1.0187499999999998,1.0385,0.086
1998-11-01,0.9954000000000001,1.0222,0.084
1998-12-01,0.945,0.973,0.084
1999-01-01,0.9390000000000001,0.9664999999999999,0.084
1999-02-01,0.9205000000000001,0.959,0.084
1999-03-01,0.982,0.9968,0.084
1999-04-01,1.131,1.07925,0.084
1999-05-01,1.1305999999999998,1.0734,0.085
1999-06-01,1.1142500000000002,1.074,0.089
1999-07-01,1.1575,1.1215000000000002,0.09
1999-08-01,1.2208,1.172,0.089
1999-09-01,1.2555,1.21475,0.09
1999-10-01,1.24425,1.228,0.087
1999-11-01,1.2513999999999998,1.2634,0.085
1999-12-01,1.2725,1.29175,0.085
2000-01-01,1.2888,1.3559999999999999,0.084
2000-02-01,1.377,1.46075,0.085
2000-03-01,1.5162499999999999,1.479,0.085
2000-04-01,1.46475,1.4217499999999998,0.085
2000-05-01,1.4868000000000001,1.4196,0.085
2000-06-01,1.6332499999999999,1.4212500000000001,0.09
2000-07-01,1.551,1.4338000000000002,0.091
2000-08-01,1.4645000000000001,1.466,0.091
2000-09-01,1.5502500000000001,1.637,0.091
2000-10-01,1.5322,1.6372,0.088
2000-11-01,1.51725,1.62125,0.086
2000-12-01,1.44275,1.56475,0.086
2001-01-01,1.4472,1.5236,0.088
2001-02-01,1.44975,1.49225,0.088
2001-03-01,1.40925,1.3992499999999999,0.089
2001-04-01,1.5516,1.4220000000000002,0.089
2001-05-01,1.70175,1.496,0.09
2001-06-01,1.61625,1.48175,0.097
2001-07-01,1.4205999999999999,1.3748,0.099
2001-08-01,1.42075,1.3895,0.098
2001-09-01,1.5215,1.495,0.097
2001-10-01,1.3154,1.3484,0.093
2001-11-01,1.1705,1.25875,0.09
2001-12-01,1.0859999999999999,1.1666,0.09
2002-01-01,1.10725,1.15275,0.089
2002-02-01,1.11375,1.1517499999999998,0.089
2002-03-01,1.24925,1.2302499999999998,0.089
2002-04-01,1.3969999999999998,1.3088000000000002,0.088
2002-05-01,1.39175,1.30525,0.089
2002-06-01,1.38225,1.2854999999999999,0.095
2002-07-01,1.3969999999999998,1.2993999999999999,0.095
2002-08-01,1.39575,1.3275000000000001,0.095
2002-09-01,1.3996,1.4106,0.095
2002-10-01,1.44525,1.4615,0.091
2002-11-01,1.419,1.41975,0.089
2002-12-01,1.3858000000000001,1.4288,0.089
2003-01-01,1.4575,1.48775,0.089
2003-02-01,1.613,1.65425,0.089
2003-03-01,1.693,1.7079999999999997,0.089
2003-04-01,1.589,1.5325,0.091
2003-05-01,1.49725,1.45125,0.092
2003-06-01,1.4928000000000001,1.424,0.097
2003-07-01,1.5125,1.435,0.098
2003-08-01,1.62025,1.4865,0.098
2003-09-01,1.6788,1.4666000000000001,0.098
2003-10-01,1.5635,1.4812500000000002,0.093
2003-11-01,1.512,1.48225,0.09
2003-12-01,1.4788000000000001,1.4898,0.09
2004-01-01,1.57175,1.551,0.091
2004-02-01,1.6475,1.582,0.091
2004-03-01,1.736,1.6294,0.091
2004-04-01,1.79775,1.69225,0.091
2004-05-01,1.9834,1.7464,0.093
2004-06-01,1.96925,1.71125,0.099
2004-07-01,1.91125,1.7385,0.099
2004-08-01,1.8780000000000001,1.8328,0.1
2004-09-01,1.86975,1.91675,0.099
2004-10-01,1.9995,2.13425,0.094
2004-11-01,1.9794,2.1466000000000003,0.092
2004-12-01,1.841,2.00925,0.092
2005-01-01,1.8308,1.9588,0.094
2005-02-01,1.91,2.02675,0.094
2005-03-01,2.07925,2.21375,0.094
2005-04-01,2.2425,2.29175,0.095
2005-05-01,2.1612,2.1988,0.097
2005-06-01,2.1555,2.2897499999999997,0.104
2005-07-01,2.29,2.3725,0.105
2005-08-01,2.4861999999999997,2.5,0.105
2005-09-01,2.90325,2.81875,0.106
2005-10-01,2.7168,3.0949999999999998,0.102
2005-11-01,2.25675,2.573,0.102
2005-12-01,2.185,2.44275,0.102
2006-01-01,2.3156,2.4674,0.108
2006-02-01,2.2800000000000002,2.47525,0.108
2006-03-01,2.42475,2.5585,0.109
2006-04-01,2.742,2.7279999999999998,0.109
2006-05-01,2.9067999999999996,2.8966000000000003,0.11
2006-06-01,2.8845,2.8975,0.118
2006-07-01,2.9806,2.9336,0.118
2006-08-01,2.95175,3.045,0.118
2006-09-01,2.5549999999999997,2.7830000000000004,0.118
2006-10-01,2.2446,2.5192,0.112
2006-11-01,2.22925,2.5445,0.11
2006-12-01,2.3127500000000003,2.6102499999999997,0.11
2007-01-01,2.2398,2.4846,0.113
2007-02-01,2.27775,2.48825,0.113
2007-03-01,2.56275,2.667,0.113
2007-04-01,2.8449999999999998,2.8338,0.113
2007-05-01,3.146,2.79625,0.115
2007-06-01,3.056,2.80775,0.122
2007-07-01,2.9646,2.8684000000000003,0.122
2007-08-01,2.78575,2.8689999999999998,0.121
2007-09-01,2.80325,2.9532499999999997,0.121
2007-10-01,2.803,3.0746,0.117
2007-11-01,3.08,3.3955,0.115
2007-12-01,3.0184,3.3406,0.115
2008-01-01,3.04275,3.30775,0.116
2008-02-01,3.0275,3.377,0.116
2008-03-01,3.2439999999999998,3.8808,0.116
2008-04-01,3.458,4.0835,0.118
2008-05-01,3.7657499999999997,4.425,0.12
2008-06-01,4.0542,4.6768,0.128
2008-07-01,4.0615000000000006,4.703,0.131
2008-08-01,3.7785,4.30175,0.132
2008-09-01,3.7026000000000003,4.024,0.13
2008-10-01,3.05125,3.576,0.126
2008-11-01,2.1470000000000002,2.87625,0.123
2008-12-01,1.687,2.4490000000000003,0.124
2009-01-01,1.7882500000000001,2.29225,0.126
2009-02-01,1.92275,2.1952499999999997,0.126
2009-03-01,1.9586,2.092,0.126
2009-04-01,2.049,2.2197500000000003,0.125
2009-05-01,2.2655000000000003,2.2265,0.126
2009-06-01,2.6306000000000003,2.5292000000000003,0.132
2009-07-01,2.5265,2.54,0.131
2009-08-01,2.6164,2.6338,0.13
2009-09-01,2.5540000000000003,2.626,0.13
2009-10-01,2.55125,2.672,0.126
2009-11-01,2.6513999999999998,2.7922000000000002,0.124
2009-12-01,2.60725,2.7445,0.124
2010-01-01,2.715,2.8447500000000003,0.124
2010-02-01,2.644,2.7845,0.123
2010-03-01,2.7716000000000003,2.9148,0.125
2010-04-01,2.84825,3.059,0.126
2010-05-01,2.8362000000000003,3.0688,0.127
2010-06-01,2.7315,2.94775,0.132
2010-07-01,2.72875,2.91125,0.133
2010-08-01,2.7298,2.9585999999999997,0.133
2010-09-01,2.705,2.94625,0.132
2010-10-01,2.8005,3.0515,0.127
2010-11-01,2.859,3.1399999999999997,0.125
2010-12-01,2.9930000000000003,3.2425,0.125
2011-01-01,3.0948,3.3878,0.125
2011-02-01,3.2110000000000003,3.584,0.125
2011-03-01,3.5612500000000002,3.9045,0.127
2011-04-01,3.7995,4.06425,0.127
2011-05-01,3.9061999999999997,4.046799999999999,0.129
2011-06-01,3.68,3.933,0.134
2011-07-01,3.6502499999999998,3.90525,0.135
2011-08-01,3.6393999999999997,3.8598,0.135
2011-09-01,3.61125,3.83725,0.135
2011-10-01,3.4479999999999995,3.7976,0.13
2011-11-01,3.38375,3.962,0.128
2011-12-01,3.26575,3.8609999999999998,0.127
2012-01-01,3.38,3.8326000000000002,0.128
2012-02-01,3.57925,3.9525,0.128
2012-03-01,3.85175,4.1265,0.127
2012-04-01,3.9004,4.115,0.127
2012-05-01,3.73225,3.9785,0.129
2012-06-01,3.53875,3.7585,0.135
2012-07-01,3.4392000000000005,3.721,0.133
2012-08-01,3.7215,3.9825,0.133
2012-09-01,3.8485,4.12,0.133
2012-10-01,3.7456000000000005,4.0938,0.128
2012-11-01,3.4517499999999997,4.0,0.127
2012-12-01,3.3104,3.9608000000000003,0.127
2013-01-01,3.3185000000000002,3.9085,0.129
2013-02-01,3.67,4.1105,0.129
2013-03-01,3.71125,4.06775,0.128
2013-04-01,3.5702,3.9299999999999997,0.128
2013-05-01,3.61475,3.87025,0.131
2013-06-01,3.626,3.84925,0.137
2013-07-01,3.5909999999999997,3.8659999999999997,0.137
2013-08-01,3.57375,3.9044999999999996,0.137
2013-09-01,3.5324,3.9608,0.137
2013-10-01,3.34375,3.88475,0.132
2013-11-01,3.24275,3.83875,0.13
2013-12-01,3.2763999999999998,3.8817999999999997,0.131
2014-01-01,3.3125,3.89325,0.134
2014-02-01,3.35625,3.9835000000000003,0.134
2014-03-01,3.5332,4.0006,0.135
2014-04-01,3.66075,3.96425,0.131
2014-05-01,3.67275,3.94275,0.136
2014-06-01,3.6915999999999998,3.9061999999999997,0.143
2014-07-01,3.61125,3.8835,0.143
2014-08-01,3.4865,3.838,0.143
2014-09-01,3.4061999999999997,3.7923999999999998,0.141
2014-10-01,3.1705,3.6805,0.136
2014-11-01,2.9122500000000002,3.64725,0.134
2014-12-01,2.5425999999999997,3.4106,0.135
2015-01-01,2.11575,2.99725,0.138
2015-02-01,2.21625,2.8577500000000002,0.138
2015-03-01,2.4636,2.897,0.136
2015-04-01,2.469,2.78225,0.137
2015-05-01,2.7182500000000003,2.8875,0.137
2015-06-01,2.8015999999999996,2.873,0.143
2015-07-01,2.7935,2.78775,0.142
2015-08-01,2.6362,2.5949999999999998,0.142
2015-09-01,2.36525,2.505,0.141
2015-10-01,2.29,2.51925,0.136
2015-11-01,2.158,2.4669999999999996,0.134
2015-12-01,2.0374999999999996,2.3095,0.133
2016-01-01,1.9485000000000001,2.14275,0.134
2016-02-01,1.7635999999999998,1.9982,0.134
2016-03-01,1.96875,2.09,0.134
2016-04-01,2.11275,2.1515,0.134
2016-05-01,2.2682,2.3146,0.133
2016-06-01,2.3655,2.4225000000000003,0.138
2016-07-01,2.239,2.4045,0.139
2016-08-01,2.1776,2.3506,0.139
2016-09-01,2.2185,2.39425,0.139
2016-10-01,2.2494,2.4544,0.134
2016-11-01,2.1814999999999998,2.4385,0.131
2016-12-01,2.25425,2.51,0.133
2017-01-01,2.3489999999999998,2.5797999999999996,0.134
2017-02-01,2.3040000000000003,2.568,0.135
2017-03-01,2.325,2.5535,0.134
2017-04-01,2.41725,2.5825,0.135
2017-05-01,2.3914,2.5604,0.137
2017-06-01,2.3465,2.5105,0.142
2017-07-01,2.2998,2.4964,0.143
2017-08-01,2.38025,2.5949999999999998,0.142
2017-09-01,2.64525,2.78475,0.142
2017-10-01,2.505,2.7942,0.137
2017-11-01,2.5635,2.90875,0.136
2017-12-01,2.47675,2.909,0.136
2018-01-01,2.5545999999999998,3.0183999999999997,0.135
2018-02-01,2.58725,3.04575,0.135
2018-03-01,2.59125,2.9875,0.135
2018-04-01,2.757,3.0957999999999997,0.134
2018-05-01,2.9007500000000004,3.24375,0.136
2018-06-01,2.89075,3.2527500000000003,0.139
2018-07-01,2.8486000000000002,3.2328,0.139
2018-08-01,2.83575,3.21825,0.139
2018-09-01,2.8355,3.26225,0.138
2018-10-01,2.8600000000000003,3.3653999999999997,0.136
2018-11-01,2.64725,3.2995,0.134
2018-12-01,2.3655999999999997,3.1228000000000002,0.135
2019-01-01,2.24775,2.97975,0.135
2019-02-01,2.30925,2.9965,0.136
2019-03-01,2.516,3.07625,0.135
2019-04-01,2.7984,3.121,0.135
2019-05-01,2.85925,3.16125,0.136
2019-06-01,2.71575,3.0885,0.139
2019-07-01,2.7399999999999998,3.0452,0.14
2019-08-01,2.621,3.005,0.139
2019-09-01,2.5922,3.0162,0.139
2019-10-01,2.627,3.053,0.136
2019-11-01,2.59775,3.0687499999999996,0.133
2019-12-01,2.555,3.0549999999999997,0.133
2020-01-01,2.5477499999999997,3.0475,0.134
2020-02-01,2.442,2.9095,0.134
2020-03-01,2.2342,2.7286,0.134
2020-04-01,1.8405,2.493,0.133
2020-05-01,1.8695,2.39225,0.134
2020-06-01,2.0822,2.408,0.137
2020-07-01,2.18325,2.43375,0.137
2020-08-01,2.1824,2.4292000000000002,0.137
2020-09-01,2.18275,2.4137500000000003,0.137
2020-10-01,2.158,2.38875,0.135
2020-11-01,2.1082,2.432,0.136
2020-12-01,2.19525,2.58475,0.136
2021-01-01,2.33425,2.6805000000000003,0.136
2021-02-01,2.501,2.847,0.137
2021-03-01,2.8104,3.1521999999999997,0.138
2021-04-01,2.85825,3.13025,0.139
2021-05-01,2.9852,3.217,0.14
2021-06-01,3.06375,3.28675,0.142
2021-07-01,3.136,3.33875,0.143
2021-08-01,3.1578,3.35,0.144
2021-09-01,3.175,3.384,0.144
2021-10-01,3.2904999999999998,3.61175,0.142
2021-11-01,3.3948,3.7270000000000003,0.142
2021-12-01,3.3064999999999998,3.641,0.142
2022-01-01,3.3146,3.7241999999999997,0.147
2022-02-01,3.5172499999999998,4.03225,0.148
2022-03-01,4.22175,5.1045,0.15
2022-04-01,4.1085,5.1195,0.151
2022-05-01,4.4436,5.571,0.154
2022-06-01,4.929,5.7535,0.16
2022-07-01,4.5592500000000005,5.4857499999999995,0.164
2022-08-01,3.975,5.013199999999999,0.167
2022-09-01,3.70025,4.9925,0.167
2022-10-01,3.8152,5.2114,0.166
2022-11-01,3.685,5.255,0.163
2022-12-01,3.21,4.7135,0.165
2023-01-01,3.3391999999999995,4.5764000000000005,0.168
2023-02-01,3.38875,4.41325,0.168
2023-03-01,3.4219999999999997,4.2105,0.166
2023-04-01,3.6029999999999998,4.099,0.165
2023-05-01,3.5548,3.915,0.165
2023-06-01,3.571,3.80175,0.17
2023-07-01,3.597,3.8822,0.169
2023-08-01,3.83975,4.37025,0.17
2023-09-01,3.8360000000000003,4.56275,0.171
2023-10-01,3.6128,4.5068,0.169
2023-11-01,3.318,4.25375,0.168
2023-12-01,3.134,3.97175,0.169
2024-01-01,3.0753999999999997,3.8543999999999996,0.173
2024-02-01,3.2115,4.04375,0.173
2024-03-01,3.4255,4.022,0.174
2024-04-01,3.6114000000000006,4.0022,0.173
2024-05-01,3.6029999999999998,3.82225,0.175
2024-06-01,3.4545,3.722,0.178
2024-07-01,3.4838,3.8102000000000005,0.178
2024-08-01,3.38925,3.6995,0.177
2024-09-01,3.2138,3.5578000000000003,0.178
2024-10-01,3.137,3.58525,0.177
2024-11-01,3.05275,3.52175,0.176
2024-12-01,3.0176,3.4942,0.176
2025-01-01,3.0755,3.6342499999999998,0.179
2025-02-01,3.12075,3.67475,0.179
2025-03-01,3.0964,3.585,0.181
2025-04-01,3.17125,3.5665,0.181
2025-05-01,3.15,3.499,0.182
2025-06-01,3.1502,3.599,0.19
2025-07-01,3.12475,3.7785,0.189
2025-08-01,3.1325,3.74375,0.19
2025-09-01,3.1656,3.7484,0.188
2025-10-01,3.05975,3.6785,
2025-11-01,3.0495,3.82225,0.189
2025-12-01,2.8944,3.6148000000000002,0.189
2026-01-01,2.8085,3.5225,0.192
2026-02-01,2.9074999999999998,3.72225,0.189
2026-03-01,3.6376,4.9206,0.19
2026-04-01,4.1025,5.50125,0.194
2026-05-01,4.47925,5.5995,0.196
2026-06-01,4.0496,5.0238,0.198
2026-07-01,3.9322500000000002,4.95525,0.197
2026-08-01,4.0425,5.3025,
